{
  "accuracy": 0.9067,
  "f1_macro": 0.9233,
  "auc_roc_ovr_macro": 0.9831,
  "confusion_matrix": [
    [
      18,
      2,
      0,
      0
    ],
    [
      0,
      81,
      2,
      0
    ],
    [
      0,
      0,
      156,
      23
    ],
    [
      0,
      0,
      29,
      289
    ]
  ],
  "classes": [
    "Critical",
    "High",
    "Intermediate",
    "Low"
  ],
  "classification_report": {
    "Critical": {
      "precision": 1.0,
      "recall": 0.9,
      "f1-score": 0.9473684210526315,
      "support": 20.0
    },
    "High": {
      "precision": 0.9759036144578314,
      "recall": 0.9759036144578314,
      "f1-score": 0.9759036144578314,
      "support": 83.0
    },
    "Intermediate": {
      "precision": 0.8342245989304813,
      "recall": 0.8715083798882681,
      "f1-score": 0.8524590163934426,
      "support": 179.0
    },
    "Low": {
      "precision": 0.9262820512820513,
      "recall": 0.9088050314465409,
      "f1-score": 0.9174603174603174,
      "support": 318.0
    },
    "accuracy": 0.9066666666666666,
    "macro avg": {
      "precision": 0.934102566167591,
      "recall": 0.9140542564481601,
      "f1-score": 0.9232978423410557,
      "support": 600.0
    },
    "weighted avg": {
      "precision": 0.9081398258604141,
      "recall": 0.9066666666666666,
      "f1-score": 0.9071498555130995,
      "support": 600.0
    }
  },
  "n_train": 2400,
  "n_test": 600
}